"Great for: Lunch + Dinner, Vibe: Laid Back, Attire: Casual, Perks: Kid Friendly, Group, Price: Bang For The Buck, Type: Asian",http://beta.lasteats.com/last_eat_entry/538542eae1087300022d0c8c
"Great for: Lunch + Dinner, Vibe: Laid Back, Attire: Casual, Perks: Kid Friendly, Price: Bang For The Buck, Type: Mexican",http://beta.lasteats.com/last_eat_entry/53c46f5439a4820002ff2549
"Great for: Dinner, Vibe: Intimate, Attire: Formal, Perks: Groups, Full Bar, Price: Pricey, Type: American",http://beta.lasteats.com/last_eat_entry/53cd8b87a403350002706864
"Great for: Breakfast/Brunch, Lunch + Dinner, Vibe: Trendy, Attire: Casual, Perks: Full Bar, Price: Bang for Buck, Type: Mexican",http://beta.lasteats.com/last_eat_entry/537a4c574112e100028ce3ec
"Great for: Lunch + Dinner, Vibe: Laid Back, Attire: Casual, Perks: Kid Friendly, Groups, Price: Bang for Buck, Type: Greek",http://beta.lasteats.com/last_eat_entry/5376b726a5d2e60002bb02b7
"Great for: Dinner, Vibe: Upscale, Attire: Formal, Price: Pricey, Type: American",http://beta.lasteats.com/last_eat_entry/53cd8e54a403350002706867
"Great for: Dinner, Vibe: Intimate, Attire: Formal, Perks: Groups, Full Bar, Price: Pricey, Type: Japanese/Sushi",http://beta.lasteats.com/last_eat_entry/53cd8d05a403350002706865
"Great for: Dinner, Vibe: Trendy, Attire: Casual, Perks: Full Bar, Price: Pricey Type: Italian",http://beta.lasteats.com/last_eat_entry/53cd8db2a403350002706866
"Great for: Dinner, Vibe: Upscale, Attire: Formal, Perks: Full Bar Price: Pricey Type: Greek",http://beta.lasteats.com/last_eat_entry/5378bd1ac20c40000295c4de
"Great for: Dinner, Vibe: Laid Back Attire: Casual, Perks: Full Bar, Kid Friendly Price: Pricey Type: Asian",http://beta.lasteats.com/last_eat_entry/5378c0b5c20c40000295c4e2
"Great for: Dinner, Vibe: Trendy, Attire: Formal Perks: Full Bar Price: Pricey Type: Japanese/Sushi",http://beta.lasteats.com/last_eat_entry/5378c150c20c40000295c4e3
,
"Great for: Dinner, Vibe: Trendy, Attire: Casual, Perks: Full Bar, Price: Pricey, Type: Italian",http://beta.lasteats.com/last_eat_entry/5377dfebf3d2450002b9b6b0
"Great for: Dinner, Vibe: Intimate, Attire: Casual, Perks: Full Bar, Price: Pricey, Type: Italian",http://beta.lasteats.com/last_eat_entry/5376603266acae0002d2f2d0
"Great for: Dinner Vibe: Laid Back, Attire: Casual, Perks: Full Bar, Groups, Price: Bang for Buck, Type: Pub",http://beta.lasteats.com/last_eat_entry/5377e2aef3d2450002b9b6b3
"Great for: Dinner Vibe: Laid Back Attire: Casual Perks: Groups Price: Bang for Buck, Type: Breweries/Pub",http://beta.lasteats.com/last_eat_entry/53782a2bf3d2450002b9b6ba
"Great for: Lunch + Dinner, Vibe: Laid Back, Attire: Casual, Perks: Groups, Price: Bang for Buck, Type: Pizza",http://beta.lasteats.com/last_eat_entry/5378270df3d2450002b9b6b6
"Great for: Lunch, Vibe: Laid Back, Attire: Causal Perks: Kid Friendly, Price: Bang for Buck, Type: Delis",http://beta.lasteats.com/last_eat_entry/53782afbf3d2450002b9b6bb
"Great for: Lunch + Dinner, Vibe: Laid Back, Attire: Casual, Perks: Kid Friendly, Groups, Price: Bang for Buck, Type: American/Pub",http://beta.lasteats.com/last_eat_entry/5378337ff3d2450002b9b6be
"Great for: Lunch + Dinner, Vibe: Laid Back, Attire: Casual Perks: Kid Friendly, Price: Bang for Buck, Type: Deli",http://beta.lasteats.com/last_eat_entry/537834d4f3d2450002b9b6c0
"Great for: Dinner, Vibe: Laid Back, Attire: Casual, Perks: Kid Friendly, Groups, Full Bar, Price: Bang for Buck, Type: American",http://beta.lasteats.com/last_eat_entry/537833fff3d2450002b9b6bf
"Great for: Lunch + Dinner, Vibe: Laid Back, Attire: Casual, Perks: Kid Friendly, Groups Price: Bang for Buck, Type: Seafood",http://beta.lasteats.com/last_eat_entry/537828a7f3d2450002b9b6b8
"Great for: Lunch, Vibe: Laid Back, Attire: Causal, Perks: Kid Friendly, Groups, Price:Bang for Buck, Type: Southern",http://beta.lasteats.com/last_eat_entry/53783232f3d2450002b9b6bc
"Great for: Lunch, Vibe: Laid Back, Attire: Casual, Perks: Kid Friendly, Price: Bang for Buck (cash only), Type: Caribbean",http://beta.lasteats.com/last_eat_entry/537827a9f3d2450002b9b6b7
,
"Great for: Dinner, Vibe: Laid Back, Attire: Casual, Price: Pricey, Type: Japanese, Sushi",http://beta.lasteats.com/last_eat_entry/537a03504112e100028ce3b5
,
,
"Great for: Dinner Vibe: Hip, Attire: Casual Perks: Kid Friendly, Groups, Full Bar, Price: Bang for Buck, Type: BBQ",http://beta.lasteats.com/last_eat_entry/537a17fd4112e100028ce3c2
,
"Great for: Lunch + Dinner, Vibe: Laid Back, Attire: Casual, Perks: Groups, Price: Bang for Buck, Type: Pizza",http://beta.lasteats.com/last_eat_entry/5376e7c77fa6170002ba7ff3
"Great for: Breakfast/Brunch Vibe: Laid Back, Attire: Casual, Perks: Kid Friendly, Groups, Full Bar, Price: Bang for Buck, Type: Everything",http://beta.lasteats.com/last_eat_entry/537a05544112e100028ce3b6
"Great for: Dinner, Vibe: Intimate, Attire: Formal, Perks: Groups, Price: Pricey, Type: Italian",http://beta.lasteats.com/last_eat_entry/537c0f369cc6dd00028955bb
"Great for: Lunch, Vibe: Laid Back, Attire: Casual, Perks: Kid Friendly, Groups, Price: Bang for Buck, Type: Mexican",http://beta.lasteats.com/last_eat_entry/537a140c4112e100028ce3bd
,
,
,
,
"Great for: Dinner Vibe: Intimate, Attire: Casual, Perks: Groups, Full Bar, Price: Pricey, Type: American",http://beta.lasteats.com/last_eat_entry/53775f56a203640002cd6aea
,
"Great for: Dinner, Vibe: Hip, Attire: Causal, Perks: Full Bar, Price: Bang for Buck, Type: American",http://beta.lasteats.com/last_eat_entry/537965e9dc3d6a00029b87d5
"Great for: Dinner, Vibe: Upscale, Attire: Formal, Perks: Full Bar, Price: Pricey, Type: American",http://beta.lasteats.com/last_eat_entry/537a25204112e100028ce3cf
"Great for: Dinner, Vibe: Intimate, Attire: Casual, Perks: Kid Friendly, Groups, Full Bar, Price: Bang for Buck (cash only) Type: Italian",http://beta.lasteats.com/last_eat_entry/537a25e54112e100028ce3d1
"Great for: Dinner, Vibe: Intimate, Attire: Casual, Price: Pricey, Type: Italian",http://beta.lasteats.com/last_eat_entry/537a29024112e100028ce3d5
n/a,http://beta.lasteats.com/last_eat_entry/5379fb0d4112e100028ce3ad
,
"Great for: Dinner, Vibe: Laid Back, Attire: Casual, Perks: Groups, Full Bar, Price: Bang for Buck, Type: Seafood",http://beta.lasteats.com/last_eat_entry/537981a4dc3d6a00029b87da
"Great for: Lunch & Dinner, Vibe: Laid Back, Attire: Casual, Perks: Kid Friendly, Groups, Price: Bang for Buck, Type: BBQ",http://beta.lasteats.com/last_eat_entry/53bdb7748cf662000251f642
"Great for: Dinner, Vibe: Upscale, Attire: Formal (Jacket required) Perks: Groups, Full Bar, Price: Pricey, Type: Seafood",http://beta.lasteats.com/last_eat_entry/5379fb574112e100028ce3ae
"Great for: Dinner, Vibe: Upscale, Attire: Formal, Perks: Groups, Full Bar, Price: Pricey, Type: American",http://beta.lasteats.com/last_eat_entry/5379fa984112e100028ce3ac
"Great for: Dinner, Vibe: Laid Back, Attire: Casual, Perks: Kid Friendly, Groups, Price: Bang for Buck, Type: Japanese/Sushi",http://beta.lasteats.com/last_eat_entry/5379fc5f4112e100028ce3af
"Great for: Dinner, Vibe: Laid Back, Attire: Causal, Perks: Kid Friendly, Groups, Price: Bang for Buck, Type: American",http://beta.lasteats.com/last_eat_entry/537b396cca5d6d0002ac897f
"Great for: Dinner, Vibe: Laid Back, Attire: Casual, Perks: Groups, Full Bar, Price: Bang for Buck, Type: Japanese/Sushi",http://beta.lasteats.com/last_eat_entry/537b3a15ca5d6d0002ac8980
"Great for: Breakfast/Brunch, Vibe: Laid Back, Attire: Casual, Perks: Kid Friendly, Groups, Price: Bang for Buck, Type:Breakfast",http://beta.lasteats.com/last_eat_entry/537b7014a368db0002d52a47
,
"Great for: Lunch, Vibe: Laid Back, Attire: Casual, Perks: Kid Friendly, Price: Bang for Buck, Type: American",http://beta.lasteats.com/last_eat_entry/53b9c885f2575b00025acbbb
"Great for: Dinner, Vibe: Laid Back, Attire: Casual, Perks: Groups, Full Bar, Price: Bang for Buck, Type: Japanese/Sushi",http://beta.lasteats.com/last_eat_entry/53ac3ab8856aaf0002be1bfb
"Great for: Dinner, Vibe: Trendy, Attire: Casual, Perks: Kid Friendly, Price: Pricey, Type: Latin",http://beta.lasteats.com/last_eat_entry/537a0e724112e100028ce3bb
,
,
"Great for: Dinner Vibe: Trendy, Attire: Casual, Perks: Groups, Full Bar, Price: Pricey, Type: Spanish",http://beta.lasteats.com/last_eat_entry/537947fddc3d6a00029b87bd
"Great for: Breakfast/Brunch Vibe: Laid Back, Attire: Casual, Price: Bang for Buck, Type: Brunch/American",http://beta.lasteats.com/last_eat_entry/53794f07dc3d6a00029b87c2
"Great for: Breakfast/Brunch Vibe:Laid Back, Attire: Casual, Perks: Kid Friendly, Groups, Price: Bang for Buck Type: Brunch/American",http://beta.lasteats.com/last_eat_entry/53794ba0dc3d6a00029b87c0
"Great for: Dinner, Vibe: Trendy, Attire: Casual, Perks:Groups, Full Bar, Price: Bang for Buck, Type: American",http://beta.lasteats.com/last_eat_entry/53794ab9dc3d6a00029b87bf
"Great for: Breakfast/Brunch, Vibe: Laid Back, Attire: Casual, Perks: Kid Friendly, Groups, Price: Bang for Buck, Type: Breakfast",http://beta.lasteats.com/last_eat_entry/53795dcadc3d6a00029b87c6
"Great for: Lunch, Vibe: Laid Back, Attire: Casual, Perks: Kid Friendly, Groups, Full Bar, Price: Bang for Buck, Type: American",http://beta.lasteats.com/last_eat_entry/53796462dc3d6a00029b87d2
"Great for: Dinner, Vibe: Laid Back, Attire: Casual, Perks: Groups, Full Bar, Price: Bang for Buck, Type: American",http://beta.lasteats.com/last_eat_entry/53bf4f4b0b7c280002f77013
,
,
"Great for: Dinner, Vibe: Hip, Attire: Casual, Perks: Groups, Price: Bang for Buck, Type: Pub",http://beta.lasteats.com/last_eat_entry/53ae56984a11a3000231afef
,
"Great for: Lunch, Vibe: Laid Back, Attire: Casual, Perks: Kid Friendly, Groups Price: Bang for Buck, Type: American, Diet: Vegitarian ",http://beta.lasteats.com/last_eat_entry/537a23684112e100028ce3ce
"Great for: Dinner, Vibe: Laid Back, Attire: Casual, Price: Pricey, Type: Japanese/Sushi",http://beta.lasteats.com/last_eat_entry/5390b99003b6bd00025ec7ce
"Great for: Dinner, Vibe: Upscale, Attire: Formal, Perks: Groups, Full Bar, Price: Pricey, Type: Mediterranean",http://beta.lasteats.com/last_eat_entry/5390b81303b6bd00025ec7cd
,
"Great for: Lunch, Vibe: Laid Back, Attire: Casual, Perks: Kid Friendly, Groups, Full Bar, Price: Bang for Buck, Type: Mexican",http://beta.lasteats.com/last_eat_entry/537a1a934112e100028ce3c8
,
"Great for: Dinner, Vibe: Laid Back, Attire: Casual, Perks: Groups, Price: Bang for Buck, Type: Japanese/Sushi",http://beta.lasteats.com/last_eat_entry/537b4d0ba368db0002d52a3e
"Great for: Lunch + Dinner, Vibe: Laid Back, Attire: Casual, Perks: Full Bar, Price: Bang for Buck,Type: Delis",http://beta.lasteats.com/last_eat_entry/537b4d95a368db0002d52a3f
"Great for: Lunch, Vibe: Laid Back, Attire: Casual, Perks: Kid Friendly, Groups, Price: Bang for Buck, Type: Mexican",http://beta.lasteats.com/last_eat_entry/537b4f19a368db0002d52a42
"Great for: Breakfast, Brunch, Vibe: Laid Back, Attire: Casual, Price: Bang for Buck, Type: Breakfast",http://beta.lasteats.com/last_eat_entry/537b4e8ea368db0002d52a41
"Great for: Dinner, Vibe: Upscale, Attire: Formal, Perks: Groups, Full Bar, Price: Pricey, Type: French",http://beta.lasteats.com/last_eat_entry/537b4e00a368db0002d52a40
,
,
"Great for: Dinner, Vibe: Trendy, Attire: Casual, Perks: Groups, Full Bar, Price: Pricey, Type: Cuban",http://beta.lasteats.com/last_eat_entry/5379ffb54112e100028ce3b3
,
"Great for: Dinner, Vibe: Laid Back Attire: Casual Perks: Groups Price: Bang for Buck Type: Brewery",http://beta.lasteats.com/last_eat_entry/53beff8d1334080002557a9b
"Great for: Lunch + Dinner, Vibe: Laid Back, Attire: Casual, Perks: Kid Friendly, Groups, Price: Bang for Buck, Type: Mediterranean",http://beta.lasteats.com/last_eat_entry/537a285d4112e100028ce3d4
,
,
"Great for: Dinner, Vibe: Upscale, Attire: Casual, Perks: Groups, Price: Bang for Buck, Type:French",http://beta.lasteats.com/last_eat_entry/53bae0881845500002ea8ae2
,
,
"Great for: Dinner, Vibe: Intimate , Attire: Casual, Price: Pricey, Type: American",http://beta.lasteats.com/last_eat_entry/537ab366900f8c0002fe5753
"Great for: Lunch + Dinner, Vibe: Laid Back, Attire: Casual, Perks: Kid Friendly, Groups, Full Bar, Price: Bang for Buck, Type: Pizza",http://beta.lasteats.com/last_eat_entry/53b71bcaea605a0002b2b4a0
"Great for: Dinner, Vibe: Upscale, Attire: Casual, Price: Pricey, Type: Japanese/Sushi",http://beta.lasteats.com/last_eat_entry/537b8d73a368db0002d52a4e
"Great for: Dinner, Vibe: Intimate , Attire: Casual, Perks: Groups, Full Bar, Price: Pricey Diet: Gluten Free Options Type: Italian",http://beta.lasteats.com/last_eat_entry/53d3f1b275d3960002edf4e6
"Great for: Dinner, Vibe: Trendy, Attire: Casual, Perks: Kid Friendly, Groups, Full Bar, Price: Bang for Buck, Type: Mexican",http://beta.lasteats.com/last_eat_entry/53d3f41075d3960002edf4e7
"Great for: Lunch + Dinner, Vibe: Hip, Attire: Casual, Perks: Kid Friendly, Groups, Full Bar, Price:Bang for Buck Type: American",http://beta.lasteats.com/last_eat_entry/53d6995990fb3c000244c5f0
"Great for: Dinner, Vibe: Hip, Attire: Casual, Perks: Groups, Full Bar, Price: Bang for Buck, Type: American",http://beta.lasteats.com/last_eat_entry/53d29f2f8d159d0002eb2621
"Great for: Dinner, Vibe: Upscale, Attire: Formal, Perks: Groups, Price: Pricey, Type:French",http://beta.lasteats.com/last_eat_entry/53d2a25a8d159d0002eb2622
"Great for: Lunch, Vibe: Laid Back, Attire: Casual, Perks: Kid Friendly, Groups, Price: Bang for Buck, Type: BBQ",http://beta.lasteats.com/last_eat_entry/53d12f58aac44e0002d3ad8b
"Great for: Dinner, Vibe: Intimate , Attire: Casual, Perks: Groups, Price: Pricey, Type: Greek",http://beta.lasteats.com/last_eat_entry/53ce9243c944ff0002cb1ded
"Great for: Lunch, Vibe: Hip, Attire: Casual, Perks: Groups, Price: Bang for Buck, Type: American",http://beta.lasteats.com/last_eat_entry/53cf098203d25c00021d9c55
"Great for: Dinner, Vibe: Trendy, Attire: Casual, Perks: Groups, Full Bar, Price: Bang for Buck, Type: Asian",http://beta.lasteats.com/last_eat_entry/53cec1cec944ff0002cb1df2
"Great for: Lunch + Dinner, Vibe: Laid Back, Attire: Casual, Perks: Groups, Price: Bang for Buck, Type: Breweries",http://beta.lasteats.com/last_eat_entry/53cea769c944ff0002cb1def
"Great for: Dinner, Vibe: Trendy, Attire: Casual, Perks: Groups, Price: Pricey, Type: Vietnamese",http://beta.lasteats.com/last_eat_entry/53cf18b003d25c00021d9c59
Great for: Vibe: Attire: Perks: Price: Type:,http://beta.lasteats.com/last_eat_entry/53dc5daec74b5800029fbec3
,http://beta.lasteats.com/last_eat_entry/53dc5e54c74b5800029fbec4
,http://beta.lasteats.com/last_eat_entry/53dc61c7c74b5800029fbec5
"Great for: Breakfast/Brunch, Vibe: Laid Back, Attire: Casual, Perks: Kid Friendly, Price: Bang for Buck, Type: Breakfast",http://beta.lasteats.com/last_eat_entry/53d7bdf67d3fc100026dbc2f
"Great for: Dinner, Vibe: Intimate , Attire: Causal, Perks: Groups, Full Bar, Price: Pricey, Type: French",http://beta.lasteats.com/last_eat_entry/53cdbbe1a40335000270686a
"Great for: Breakfast, Lunch + Dinner, Vibe: Laid Back, Attire: Casual, Perks: Kid Friendly, Groups, Price: Bang for Buck, Type:Delis",http://beta.lasteats.com/last_eat_entry/53d7d9f57d3fc100026dbc36
"Great for: Dinner, Vibe: Upscale, Attire: Formal, Perks: Groups, Full Bar, Price: Pricey, Type: Italian",http://beta.lasteats.com/last_eat_entry/53ceefa903d25c00021d9c52
Street Vendors,http://beta.lasteats.com/last_eat_entry/53d1240caac44e0002d3ad85
"Great for: Lunch, Vibe: Laid Back, Attire: Casual, Perks: Kid Friendly, Groups, Price: Bang for Buck, Type: Delis",http://beta.lasteats.com/last_eat_entry/53d128b7aac44e0002d3ad88
"Great for: Lunch + Dessert Vibe: Laid Back, Attire: Casual, Perks: Kid Friendly, Groups, Price: Bang for Buck, Type: Dessert",http://beta.lasteats.com/last_eat_entry/53d1275baac44e0002d3ad87
"Great for: Dinner, Vibe: Laid Back, Attire: Casual, Perks: Full Bar, Price: Pricey, Type: Seafood",http://beta.lasteats.com/last_eat_entry/53d122d8aac44e0002d3ad84
"Great for: Lunch, Vibe: Laid Back, Attire: Casual, Perks: Kid Friendly, Groups, Price: Bang for Buck, Type: American",http://beta.lasteats.com/last_eat_entry/53d1254aaac44e0002d3ad86
"Great for: Dinner, Vibe: Laid Back, Attire: Casual, Perks: Full Bar, Price: Bang for Buck Type: Asian",http://beta.lasteats.com/last_eat_entry/539f9a50f7c14400028c1081
"Great for: Dinner, Vibe: Intimate, Attire: Formal, Price: Pricey, Type: French",http://beta.lasteats.com/last_eat_entry/537a19f84112e100028ce3c4
"Great for: Dinner, Vibe: Upscale, Attire: Casual, Perks: Groups, Full Bar, Price: Pricey, Type: American",http://beta.lasteats.com/last_eat_entry/537976cadc3d6a00029b87d8
"Great for: Dinner, Vibe: Hip, Attire: Casual, Price: Bang for Buck, Type: Tapas",http://beta.lasteats.com/last_eat_entry/53d2e791404360000245c57e
"Great for: Dinner, Vibe: Intimate, Attire: Casual, Perks: Full Bar, Price: Pricey, Type: Seafood",http://beta.lasteats.com/last_eat_entry/53cd2ffdfd2c63000244c02d
"Great for: Dinner, Vibe: Intimate, Attire: Formal, Perks: Groups, Full Bar, Price: Pricey, Type: Italian",http://beta.lasteats.com/last_eat_entry/537a3b264112e100028ce3da
"Great for: Dinner, Vibe: Laid Back, Attire: Casual, Perks: Groups, Full Bar, Price: Bang for Buck, Type: American",http://beta.lasteats.com/last_eat_entry/5377e2aef3d2450002b9b6b3
"Great for: Dinner, Vibe: Trendy, Attire: Formal, Perks: Groups, Full Bar, Price: Pricey, Type: Japanese/Sushi",http://beta.lasteats.com/last_eat_entry/538bd1bd31d8330002f8d544
"Great for: Dinner, Vibe: Trendy, Attire: Casual, Perks: Groups, Full Bar, Price: Pricey, Type: Asian",http://beta.lasteats.com/last_eat_entry/53cc8cf393d8520002759f49
"Great for: Breakfast/Brunch Vibe: Laid Back, Attire: Casual, Price: Bang for Buck, Type: Breakfast",http://beta.lasteats.com/last_eat_entry/537a4abf4112e100028ce3e6
"Great for: Breakfast/Brunch, Lunch + Dinner, Vibe: Laid Back, Attire: Casual, Perks: Kid Friendly, Groups, Full Bar, Price: Bang for Buck, Type: American",http://beta.lasteats.com/last_eat_entry/537a1ac64112e100028ce3c9
,http://beta.lasteats.com/last_eat_entry/537a16a14112e100028ce3c1
,http://beta.lasteats.com/last_eat_entry/537a1e434112e100028ce3cc
"Great for: Lunch + Dinner, Vibe: Laid Back, Attire: Casual, Perks: Groups, Full Bar, Price: Bang for Buck, Type: Italian",http://beta.lasteats.com/last_eat_entry/53d82728fe043000024fbbc8
"Great for: Dinner, Vibe: Laid Back, Attire: Casual, Perks: Full Bar, Price: Pricey, Type: American",http://beta.lasteats.com/last_eat_entry/53bc54c72acda6000225ab26
"Great for: Dinner, Vibe:Laid Back, Attire: Casual, Perks: Kid Friendly, Groups, Full Bar, Price: Bang for Buck, Type: Italian",http://beta.lasteats.com/last_eat_entry/537a41894112e100028ce3e0
,http://beta.lasteats.com/last_eat_entry/537a45e84112e100028ce3e2
,http://beta.lasteats.com/last_eat_entry/537a3fa64112e100028ce3df
,http://beta.lasteats.com/last_eat_entry/537a586b900f8c0002fe5748
,http://beta.lasteats.com/last_eat_entry/537a3ece4112e100028ce3de
"Great for: Lunch + Dinner, Vibe: Laid Back, Attire: Casual, Perks: Full Bar, Price: Bang for Buck, Type: Mexican",http://beta.lasteats.com/last_eat_entry/53c5b393e120bf00024fe187
"Great for: Brunch + Dinner, Vibe: Laid Back, Attire: Casual, Perks: Kid Friendly, Groups, Full Bar, Price: Bang for Buck, Type: American",http://beta.lasteats.com/last_eat_entry/53c5b393e120bf00024fe187
"Great for: Lunch, Vibe: Laid Back, Attire: Causal, Perks: Kid Friendly, Price: Bang for Buck, Type: Delis",http://beta.lasteats.com/last_eat_entry/5377d21df3d2450002b9b6ad
"Great for: Dinner, Vibe: Laid Back, Attire: Casual, Perks: Kid Friendly, Groups, Price: Bang for Buck, Type: Middle Eastern",http://beta.lasteats.com/last_eat_entry/53c1d602da79fe0002548eaa
"Great for: Breakfast/Brunch, Vibe: Laid Back, Attire: Casual, Perks: Kid Friendly, Price: Bang for Buck, Type: Breakfast",http://beta.lasteats.com/last_eat_entry/5377a4c3f3d2450002b9b6a8
"Great for: Dinner, Vibe: Trendy, Attire: Casual, Perks: Groups, Full Bar, Price: Pricey, Type: Steakhouse",http://beta.lasteats.com/last_eat_entry/53d5a3ea36f17100023ef9e4
"Great for: Lunch + Dinner, Vibe: Laid Back, Attire: Casual, Perks: Kid Friendly, Groups, Full Bar, Price: Bang for Buck, Type: Seafood",http://beta.lasteats.com/last_eat_entry/53d5a31536f17100023ef9e3
"Great for: Lunch, Vibe: Laid Back, Attire: Casual, Perks: Kid Friendly, Groups, Price: Bang for Buck, Type: BBQ",http://beta.lasteats.com/last_eat_entry/5376896f66acae0002d2f2df
"Great for: Breakfast/Brunch, Vibe: Laid Back, Attire: Casual, Perks: Kid Friendly, Groups, Price: Bang for Buck, Type: Breakfast",http://beta.lasteats.com/last_eat_entry/53d590c136f17100023ef9e1
"Great for: Lunch + Dinner, Vibe: Hip, Attire: Casual, Perks: Kid Friendly, Price: Bang for Buck, Type: Pizza",http://beta.lasteats.com/last_eat_entry/53cf24b303d25c00021d9c5e
"Great for: Lunch + Dinner, Vibe: Laid Back, Attire: Casual, Perks: Kid Friendly, Groups, Price: Bang for Buck, Type: American",http://beta.lasteats.com/last_eat_entry/53cf22e203d25c00021d9c5a
"Great for: Dinner, Vibe: Trendy, Attire: Formal, Perks: Groups, Full Bar, Price: Pricey, Type: Japanese",http://beta.lasteats.com/last_eat_entry/5378a4e052ea6700026e0fdf
"Great for: Dinner, Vibe: Laid Back, Attire: Casual, Perks: Groups, Price: Bang for Buck, Type: Breweries",http://beta.lasteats.com/last_eat_entry/5378bf3cc20c40000295c4e0
"Great for: Dinner, Vibe: Upscale, Attire: Formal, Price: Pricey",http://beta.lasteats.com/last_eat_entry/5378bfefc20c40000295c4e1
"Great for: Dinner, Vibe: Laid Back, Attire: Casual, Perks: Groups, Full Bar, Price: Bang for Buck, Type: Thai",http://beta.lasteats.com/last_eat_entry/5376797c66acae0002d2f2da
"Great for: Breakfast/Brunch + Lunch, Vibe: Laid Back, Attire: Casual, Perks: Kid Friendly, Price: Bang for Buck, Type: American",http://beta.lasteats.com/last_eat_entry/53d5a67036f17100023ef9e5
"Great for: Breakfast/Brunch, Lunch + Dinner, Vibe: Laid Back, Attire: Casual, Price: Bang for Budget, Type: American",http://beta.lasteats.com/last_eat_entry/5377a25cf3d2450002b9b6a6
"Great for: Lunch + Dinner, Vibe: Laid Back, Attire: Casual, Perks: Kid Friendly, Groups, Price: Bang for Buck, Type: Japanese",http://beta.lasteats.com/last_eat_entry/53869a210bd83a0002048316
Great for: Lunch Vibe: Laid Back Attire: Casual Price: Bang For Buck Type: Italian,http://beta.lasteats.com/last_eat_entry/5377a161f3d2450002b9b6a5
Great for: Dinner Vibe: Laid Back Attire: Casual Price: Bang For Buck Type: Chinese,http://beta.lasteats.com/last_eat_entry/53cf2a67ca35ce0002ccbb0c
"Great for: Breakfast/Brunch, Lunch + Dinner, Vibe: Intimate, Attire: Perks: Kid Friendly, Groups, Price: Bang for Buck Type: Vietnamese",http://beta.lasteats.com/last_eat_entry/53b60bab82775c0002df790b
